<?xml version="1.0" encoding="UTF-8"?>
<project-private xmlns="http://www.netbeans.org/ns/project-private/1">
    <editor-bookmarks xmlns="http://www.netbeans.org/ns/editor-bookmarks/2" lastBookmarkId="0"/>
    <open-files xmlns="http://www.netbeans.org/ns/projectui-open-files/2">
        <group>
            <file>file:/C:/Users/Henry/Desktop/Activity7/public_html/styles.css</file>
            <file>file:/C:/Users/Henry/Desktop/Activity7/.bowerrc</file>
            <file>file:/C:/Users/Henry/Desktop/Activity7/public_html/index.html</file>
            <file>file:/C:/Users/Henry/Desktop/Activity7/bower.json</file>
            <file>file:/C:/Users/Henry/Desktop/Activity7/Gruntfile.js</file>
            <file>file:/C:/Users/Henry/Desktop/Activity7/package.json</file>
            <file>file:/C:/Users/Henry/Desktop/Activity7/gulpfile.js</file>
            <file>file:/C:/Users/Henry/Desktop/Activity7/public_html/scripts.js</file>
        </group>
    </open-files>
</project-private>
